bottomdark_content,image,bottomdark_links,link,bottomlight_value_2,bottomlight_value_3,bottomlight_number/_source,bottomdark_value,bottomlight_value_1,bottomdark_content_numbers/_source,link/_text,link/_source,bottomdark_content_numbers,bottomdark_links/_text,bottomdark_links/_source,bottomlight_number,pageUrl
"3389 Fairfield Ave Bridgeport, Connecticut, 06605-3228 United States phone: (203) 253-9423 official website",http://cdn.beeradvocate.com/im/i_website.gif,http://www.beeradvocate.com/place/list/?city=Bridgeport&c_id=US&s_id=CT; http://www.beeradvocate.com/place/directory/9/US/CT/; http://www.beeradvocate.com/place/directory/9/US/; http://www.aspetuckbrewlab.com/,http://www.beeradvocate.com/beer/profile/39808/,-,-,10,[ Brewery ],-,3389; 06605; 3228; 203; 253; 9423,Aspetuck Brew Lab,/beer/profile/39808/,3389; 6605; 3228; 203; 253; 9423,Bridgeport; Connecticut; United States; official website,/place/list/?city=Bridgeport&c_id=US&s_id=CT; /place/directory/9/US/CT/; /place/directory/9/US/; ,10,http://www.beeradvocate.com/place/list/?start=0&c_id=US&s_id=CT&brewery=Y&sort=name
"1296 Blue Hills Ave Ste A Bloomfield, Connecticut, 06002-5312 United States phone: (860) 242-1793 official website",http://cdn.beeradvocate.com/im/i_website.gif,http://www.beeradvocate.com/place/list/?city=Bloomfield&c_id=US&s_id=CT; http://www.beeradvocate.com/place/directory/9/US/CT/; http://www.beeradvocate.com/place/directory/9/US/; http://backeastbrewing.com/,http://www.beeradvocate.com/beer/profile/29556/,21,3.83,17,"[ Brewery, Bar ]",3.99,1296; 06002; 5312; 860; 242; 1793,Back East Brewing Company,/beer/profile/29556/,1296; 6002; 5312; 860; 242; 1793,Bloomfield; Connecticut; United States; official website,/place/list/?city=Bloomfield&c_id=US&s_id=CT; /place/directory/9/US/CT/; /place/directory/9/US/; ,17,http://www.beeradvocate.com/place/list/?start=0&c_id=US&s_id=CT&brewery=Y&sort=name
"307 Greens Farms Rd Westport, Connecticut, 06880-6227 United States official website",http://cdn.beeradvocate.com/im/i_website.gif,http://www.beeradvocate.com/place/list/?city=Westport&c_id=US&s_id=CT; http://www.beeradvocate.com/place/directory/9/US/CT/; http://www.beeradvocate.com/place/directory/9/US/; http://www.beaverbeer.com,http://www.beeradvocate.com/beer/profile/27742/,-,3.6,4,[ Brewery ],-,307; 06880; 6227,Beaver Beer Company,/beer/profile/27742/,307; 6880; 6227,Westport; Connecticut; United States; official website,/place/list/?city=Westport&c_id=US&s_id=CT; /place/directory/9/US/CT/; /place/directory/9/US/; ,4,http://www.beeradvocate.com/place/list/?start=0&c_id=US&s_id=CT&brewery=Y&sort=name
"115 Hurley Rd Bldg 9A Oxford, Connecticut, 06478-1037 United States official website",http://cdn.beeradvocate.com/im/i_website.gif,http://www.beeradvocate.com/place/list/?city=Oxford&c_id=US&s_id=CT; http://www.beeradvocate.com/place/directory/9/US/CT/; http://www.beeradvocate.com/place/directory/9/US/; http://www.blackhogbrewing.com/,http://www.beeradvocate.com/beer/profile/34658/,35,3.81,30,"[ Brewery, Bar ]",4.01,115; 9; 06478; 1037,Black Hog Brewing Co.,/beer/profile/34658/,115; 9; 6478; 1037,Oxford; Connecticut; United States; official website,/place/list/?city=Oxford&c_id=US&s_id=CT; /place/directory/9/US/CT/; /place/directory/9/US/; ,30,http://www.beeradvocate.com/place/list/?start=0&c_id=US&s_id=CT&brewery=Y&sort=name
"21A Furnace St Danielson, Connecticut, 06239-3040 United States official website",http://cdn.beeradvocate.com/im/i_website.gif,http://www.beeradvocate.com/place/list/?city=Danielson&c_id=US&s_id=CT; http://www.beeradvocate.com/place/directory/9/US/CT/; http://www.beeradvocate.com/place/directory/9/US/; http://www.blackpondbrews.com,http://www.beeradvocate.com/beer/profile/37095/,-,3.98,16,[ Brewery ],-,21; 06239; 3040,Black Pond Brews,/beer/profile/37095/,21; 6239; 3040,Danielson; Connecticut; United States; official website,/place/list/?city=Danielson&c_id=US&s_id=CT; /place/directory/9/US/CT/; /place/directory/9/US/; ,16,http://www.beeradvocate.com/place/list/?start=0&c_id=US&s_id=CT&brewery=Y&sort=name
"2 North Rd East Windsor, Connecticut, 06088-9516 United States phone: (860) 623-1000 official website",http://cdn.beeradvocate.com/im/i_website.gif,http://www.beeradvocate.com/place/list/?city=East+Windsor&c_id=US&s_id=CT; http://www.beeradvocate.com/place/directory/9/US/CT/; http://www.beeradvocate.com/place/directory/9/US/; http://broadbrookbrewing.com/home.htm,http://www.beeradvocate.com/beer/profile/32880/,18,3.56,14,"[ Brewery, Bar ]",3.78,2; 06088; 9516; 860; 623; 1000,Broad Brook Brewing Company,/beer/profile/32880/,2; 6088; 9516; 860; 623; 1000,East Windsor; Connecticut; United States; official website,/place/list/?city=East+Windsor&c_id=US&s_id=CT; /place/directory/9/US/CT/; /place/directory/9/US/; ,14,http://www.beeradvocate.com/place/list/?start=0&c_id=US&s_id=CT&brewery=Y&sort=name
"1 Smith Ridge Rd New Canaan, Connecticut, 06840-4144 United States phone: (203) 972-9058 official website",http://cdn.beeradvocate.com/im/i_website.gif,http://www.beeradvocate.com/place/list/?city=New+Canaan&c_id=US&s_id=CT; http://www.beeradvocate.com/place/directory/9/US/CT/; http://www.beeradvocate.com/place/directory/9/US/; http://charteroakbrewing.com/,http://www.beeradvocate.com/beer/profile/29398/,-,3.77,13,[ Brewery ],-,1; 06840; 4144; 203; 972; 9058,Charter Oak Brewing Co.,/beer/profile/29398/,1; 6840; 4144; 203; 972; 9058,New Canaan; Connecticut; United States; official website,/place/list/?city=New+Canaan&c_id=US&s_id=CT; /place/directory/9/US/CT/; /place/directory/9/US/; ,13,http://www.beeradvocate.com/place/list/?start=0&c_id=US&s_id=CT&brewery=Y&sort=name
"942 Main St Hartford, Connecticut, 06103-1214 United States phone: (860) 525-1600 official website",http://cdn.beeradvocate.com/im/i_website.gif,http://www.beeradvocate.com/place/list/?city=Hartford&c_id=US&s_id=CT; http://www.beeradvocate.com/place/directory/9/US/CT/; http://www.beeradvocate.com/place/directory/9/US/; http://www.citysteambrewerycafe.com/,http://www.beeradvocate.com/beer/profile/556/,102,3.8,27,"[ Brewery, Bar, Eatery ]",3.84,942; 06103; 1214; 860; 525; 1600,City Steam Brewery Café,/beer/profile/556/,942; 6103; 1214; 860; 525; 1600,Hartford; Connecticut; United States; official website,/place/list/?city=Hartford&c_id=US&s_id=CT; /place/directory/9/US/CT/; /place/directory/9/US/; ,27,http://www.beeradvocate.com/place/list/?start=0&c_id=US&s_id=CT&brewery=Y&sort=name
"6 Industrial Dr Ellington, Connecticut, 06029-2632 United States official website",http://cdn.beeradvocate.com/im/i_website.gif,http://www.beeradvocate.com/place/list/?city=Ellington&c_id=US&s_id=CT; http://www.beeradvocate.com/place/directory/9/US/CT/; http://www.beeradvocate.com/place/directory/9/US/; http://www.coldcreekbrewery.com/,http://www.beeradvocate.com/beer/profile/42212/,-,3.75,8,[ Brewery ],-,6; 06029; 2632,Cold Creek Brewery,/beer/profile/42212/,6; 6029; 2632,Ellington; Connecticut; United States; official website,/place/list/?city=Ellington&c_id=US&s_id=CT; /place/directory/9/US/CT/; /place/directory/9/US/; ,8,http://www.beeradvocate.com/place/list/?start=0&c_id=US&s_id=CT&brewery=Y&sort=name
"100 Mechanic St Ste 22 Pawcatuck, Connecticut, 06379-2163 United States phone: (860) 599-8213 official website",http://cdn.beeradvocate.com/im/i_website.gif,http://www.beeradvocate.com/place/list/?city=Pawcatuck&c_id=US&s_id=CT; http://www.beeradvocate.com/place/directory/9/US/CT/; http://www.beeradvocate.com/place/directory/9/US/; http://www.cottrellbrewing.com/,http://www.beeradvocate.com/beer/profile/61/,-,3.58,16,[ Brewery ],-,100; 22; 06379; 2163; 860; 599; 8213,Cottrell Brewing Co.,/beer/profile/61/,100; 22; 6379; 2163; 860; 599; 8213,Pawcatuck; Connecticut; United States; official website,/place/list/?city=Pawcatuck&c_id=US&s_id=CT; /place/directory/9/US/CT/; /place/directory/9/US/; ,16,http://www.beeradvocate.com/place/list/?start=0&c_id=US&s_id=CT&brewery=Y&sort=name
"59 School Ground Rd Ste 10 Branford, Connecticut, 06405-2868 United States phone: (203) 208-2213 official website",http://cdn.beeradvocate.com/im/i_website.gif,http://www.beeradvocate.com/place/list/?city=Branford&c_id=US&s_id=CT; http://www.beeradvocate.com/place/directory/9/US/CT/; http://www.beeradvocate.com/place/directory/9/US/; http://www.duvig.com/,http://www.beeradvocate.com/beer/profile/34616/,6,3.86,16,"[ Brewery, Bar ]",3.98,59; 10; 06405; 2868; 203; 208; 2213,DuVig Brewing Co.,/beer/profile/34616/,59; 10; 6405; 2868; 203; 208; 2213,Branford; Connecticut; United States; official website,/place/list/?city=Branford&c_id=US&s_id=CT; /place/directory/9/US/CT/; /place/directory/9/US/; ,16,http://www.beeradvocate.com/place/list/?start=0&c_id=US&s_id=CT&brewery=Y&sort=name
"16 Tobey Rd Bloomfield, Connecticut, 06002-3522 United States official website",http://cdn.beeradvocate.com/im/i_website.gif,http://www.beeradvocate.com/place/list/?city=Bloomfield&c_id=US&s_id=CT; http://www.beeradvocate.com/place/directory/9/US/CT/; http://www.beeradvocate.com/place/directory/9/US/; http://dyckmanbeerco.com/,http://www.beeradvocate.com/beer/profile/34669/,-,4.07,4,[ Brewery ],-,16; 06002; 3522,Dyckman Beer Co.,/beer/profile/34669/,16; 6002; 3522,Bloomfield; Connecticut; United States; official website,/place/list/?city=Bloomfield&c_id=US&s_id=CT; /place/directory/9/US/CT/; /place/directory/9/US/; ,4,http://www.beeradvocate.com/place/list/?start=0&c_id=US&s_id=CT&brewery=Y&sort=name
"315 Peck St Bldg 6E Ste C1 Fair Haven, Connecticut, 06513-2933 United States phone: (203) 843-7039 official website",http://cdn.beeradvocate.com/im/i_website.gif,http://www.beeradvocate.com/place/list/?city=Fair+Haven&c_id=US&s_id=CT; http://www.beeradvocate.com/place/directory/9/US/CT/; http://www.beeradvocate.com/place/directory/9/US/; http://www.erectorbeer.com/,http://www.beeradvocate.com/beer/profile/37621/,-,-,3,[ Brewery ],-,315; 6; 06513; 2933; 203; 843; 7039,Erector Brewing Collective,/beer/profile/37621/,315; 6; 6513; 2933; 203; 843; 7039,Fair Haven; Connecticut; United States; official website,/place/list/?city=Fair+Haven&c_id=US&s_id=CT; /place/directory/9/US/CT/; /place/directory/9/US/; ,3,http://www.beeradvocate.com/place/list/?start=0&c_id=US&s_id=CT&brewery=Y&sort=name
"724 Honeyspot Rd Stratford, Connecticut, 06615-7109 United States phone: (203) 767-8811 official website",http://cdn.beeradvocate.com/im/i_website.gif,http://www.beeradvocate.com/place/list/?city=Stratford&c_id=US&s_id=CT; http://www.beeradvocate.com/place/directory/9/US/CT/; http://www.beeradvocate.com/place/directory/9/US/; http://www.fairfieldcraftales.com,http://www.beeradvocate.com/beer/profile/43373/,-,-,1,[ Brewery ],-,724; 06615; 7109; 203; 767; 8811,Fairfield Craft Ales,/beer/profile/43373/,724; 6615; 7109; 203; 767; 8811,Stratford; Connecticut; United States; official website,/place/list/?city=Stratford&c_id=US&s_id=CT; /place/directory/9/US/CT/; /place/directory/9/US/; ,1,http://www.beeradvocate.com/place/list/?start=0&c_id=US&s_id=CT&brewery=Y&sort=name
"139 Center St Bristol, Connecticut, 06010-5074 United States phone: (860) 845-8977 official website",http://cdn.beeradvocate.com/im/i_website.gif,http://www.beeradvocate.com/place/list/?city=Bristol&c_id=US&s_id=CT; http://www.beeradvocate.com/place/directory/9/US/CT/; http://www.beeradvocate.com/place/directory/9/US/; http://fireflyhollowbrewing.com/,http://www.beeradvocate.com/beer/profile/33119/,51,3.73,39,"[ Brewery, Bar ]",4.13,139; 06010; 5074; 860; 845; 8977,Firefly Hollow Brewing Co.,/beer/profile/33119/,139; 6010; 5074; 860; 845; 8977,Bristol; Connecticut; United States; official website,/place/list/?city=Bristol&c_id=US&s_id=CT; /place/directory/9/US/CT/; /place/directory/9/US/; ,39,http://www.beeradvocate.com/place/list/?start=0&c_id=US&s_id=CT&brewery=Y&sort=name
"43 Homestead Ave Stamford, Connecticut, 06902-7204 United States phone: (203) 658-3631 official website",http://cdn.beeradvocate.com/im/i_website.gif,http://www.beeradvocate.com/place/list/?city=Stamford&c_id=US&s_id=CT; http://www.beeradvocate.com/place/directory/9/US/CT/; http://www.beeradvocate.com/place/directory/9/US/; http://www.halffullbrewery.com,http://www.beeradvocate.com/beer/profile/30239/,14,3.39,21,"[ Brewery, Bar ]",3.76,43; 06902; 7204; 203; 658; 3631,Half Full Brewery,/beer/profile/30239/,43; 6902; 7204; 203; 658; 3631,Stamford; Connecticut; United States; official website,/place/list/?city=Stamford&c_id=US&s_id=CT; /place/directory/9/US/CT/; /place/directory/9/US/; ,21,http://www.beeradvocate.com/place/list/?start=0&c_id=US&s_id=CT&brewery=Y&sort=name
"1429 Park St Hartford, Connecticut, 06106-2236 United States phone: (860) 111-1111 official website",http://cdn.beeradvocate.com/im/i_website.gif,http://www.beeradvocate.com/place/list/?city=Hartford&c_id=US&s_id=CT; http://www.beeradvocate.com/place/directory/9/US/CT/; http://www.beeradvocate.com/place/directory/9/US/; http://www.hogriverbrewingcompany.com/,http://www.beeradvocate.com/beer/profile/42224/,-,-,4,[ Brewery ],-,1429; 06106; 2236; 860; 111; 1111,Hog River Brewing Co.,/beer/profile/42224/,1429; 6106; 2236; 860; 111; 1111,Hartford; Connecticut; United States; official website,/place/list/?city=Hartford&c_id=US&s_id=CT; /place/directory/9/US/CT/; /place/directory/9/US/; ,4,http://www.beeradvocate.com/place/list/?start=0&c_id=US&s_id=CT&brewery=Y&sort=name
"33 Camps Rd Kent, Connecticut, 06757-1901 United States phone: (860) 398-9645 official website",http://cdn.beeradvocate.com/im/i_website.gif,http://www.beeradvocate.com/place/list/?city=Kent&c_id=US&s_id=CT; http://www.beeradvocate.com/place/directory/9/US/CT/; http://www.beeradvocate.com/place/directory/9/US/; http://www.kentfallsbrewing.com/,http://www.beeradvocate.com/beer/profile/37192/,-,4.06,36,[ Brewery ],-,33; 06757; 1901; 860; 398; 9645,Kent Falls Brewing Company,/beer/profile/37192/,33; 6757; 1901; 860; 398; 9645,Kent; Connecticut; United States; official website,/place/list/?city=Kent&c_id=US&s_id=CT; /place/directory/9/US/CT/; /place/directory/9/US/; ,36,http://www.beeradvocate.com/place/list/?start=0&c_id=US&s_id=CT&brewery=Y&sort=name
"175 Amity Rd Woodbridge, Connecticut, 06525-2201 United States phone: (203) 387-2222 official website",http://cdn.beeradvocate.com/im/i_website.gif,http://www.beeradvocate.com/place/list/?city=Woodbridge&c_id=US&s_id=CT; http://www.beeradvocate.com/place/directory/9/US/CT/; http://www.beeradvocate.com/place/directory/9/US/; http://www.newenglandbrewing.com,http://www.beeradvocate.com/beer/profile/357/,-,4.17,55,[ Brewery ],-,175; 06525; 2201; 203; 387; 2222,New England Brewing Co.,/beer/profile/357/,175; 6525; 2201; 203; 387; 2222,Woodbridge; Connecticut; United States; official website,/place/list/?city=Woodbridge&c_id=US&s_id=CT; /place/directory/9/US/CT/; /place/directory/9/US/; ,55,http://www.beeradvocate.com/place/list/?start=0&c_id=US&s_id=CT&brewery=Y&sort=name
"2520 State St Hamden, Connecticut, 06517-3004 United States official website",http://cdn.beeradvocate.com/im/i_website.gif,http://www.beeradvocate.com/place/list/?city=Hamden&c_id=US&s_id=CT; http://www.beeradvocate.com/place/directory/9/US/CT/; http://www.beeradvocate.com/place/directory/9/US/; http://www.noworriesbeer.com/,http://www.beeradvocate.com/beer/profile/38674/,1,-,4,"[ Brewery, Bar ]",4.78,2520; 06517; 3004,No Worries Brewing Company,/beer/profile/38674/,2520; 6517; 3004,Hamden; Connecticut; United States; official website,/place/list/?city=Hamden&c_id=US&s_id=CT; /place/directory/9/US/CT/; /place/directory/9/US/; ,4,http://www.beeradvocate.com/place/list/?start=0&c_id=US&s_id=CT&brewery=Y&sort=name
"11 Freedom Way Niantic, Connecticut, 06357-1041 United States official website",http://cdn.beeradvocate.com/im/i_website.gif,http://www.beeradvocate.com/place/list/?city=Niantic&c_id=US&s_id=CT; http://www.beeradvocate.com/place/directory/9/US/CT/; http://www.beeradvocate.com/place/directory/9/US/; http://www.noblejaybrew.com/,http://www.beeradvocate.com/beer/profile/42227/,-,-,10,"[ Brewery, Bar ]",-,11; 06357; 1041,Noble Jay Brewing Company,/beer/profile/42227/,11; 6357; 1041,Niantic; Connecticut; United States; official website,/place/list/?city=Niantic&c_id=US&s_id=CT; /place/directory/9/US/CT/; /place/directory/9/US/; ,10,http://www.beeradvocate.com/place/list/?start=20&c_id=US&s_id=CT&brewery=Y&sort=name
"7 Fox Hollow Rd Unit B Oxford, Connecticut, 06478 United States phone: (203) 295-2831 official website",http://cdn.beeradvocate.com/im/i_website.gif,http://www.beeradvocate.com/place/list/?city=Oxford&c_id=US&s_id=CT; http://www.beeradvocate.com/place/directory/9/US/CT/; http://www.beeradvocate.com/place/directory/9/US/; http://www.oecbrewing.com,http://www.beeradvocate.com/beer/profile/34667/,71,4.04,47,"[ Brewery, Bar ]",4.55,7; 06478; 203; 295; 2831,OEC Brewing (Ordinem Ecentrici Coctores),/beer/profile/34667/,7; 6478; 203; 295; 2831,Oxford; Connecticut; United States; official website,/place/list/?city=Oxford&c_id=US&s_id=CT; /place/directory/9/US/CT/; /place/directory/9/US/; ,47,http://www.beeradvocate.com/place/list/?start=20&c_id=US&s_id=CT&brewery=Y&sort=name
"266 Bridge St Groton, Connecticut, 06340-3739 United States official website",http://cdn.beeradvocate.com/im/i_website.gif,http://www.beeradvocate.com/place/list/?city=Groton&c_id=US&s_id=CT; http://www.beeradvocate.com/place/directory/9/US/CT/; http://www.beeradvocate.com/place/directory/9/US/; http://www.outerlightbrewing.com/brewery/,http://www.beeradvocate.com/beer/profile/38293/,8,3.91,22,"[ Brewery, Bar ]",4.2,266; 06340; 3739,Outer Light Brewing Company,/beer/profile/38293/,266; 6340; 3739,Groton; Connecticut; United States; official website,/place/list/?city=Groton&c_id=US&s_id=CT; /place/directory/9/US/CT/; /place/directory/9/US/; ,22,http://www.beeradvocate.com/place/list/?start=20&c_id=US&s_id=CT&brewery=Y&sort=name
"244 Bradley St East Haven, Connecticut, 06512-1471 United States phone: (203) 909-6224 official website",http://cdn.beeradvocate.com/im/i_website.gif,http://www.beeradvocate.com/place/list/?city=East+Haven&c_id=US&s_id=CT; http://www.beeradvocate.com/place/directory/9/US/CT/; http://www.beeradvocate.com/place/directory/9/US/; http://www.overshores.com/,http://www.beeradvocate.com/beer/profile/34301/,10,3.76,10,"[ Brewery, Bar ]",4.04,244; 06512; 1471; 203; 909; 6224,Overshores Brewing Co.,/beer/profile/34301/,244; 6512; 1471; 203; 909; 6224,East Haven; Connecticut; United States; official website,/place/list/?city=East+Haven&c_id=US&s_id=CT; /place/directory/9/US/CT/; /place/directory/9/US/; ,10,http://www.beeradvocate.com/place/list/?start=20&c_id=US&s_id=CT&brewery=Y&sort=name
"25 Leavenworth St Waterbury, Connecticut, 06702-2111 United States phone: (203) 573-1743 official website",http://cdn.beeradvocate.com/im/i_website.gif,http://www.beeradvocate.com/place/list/?city=Waterbury&c_id=US&s_id=CT; http://www.beeradvocate.com/place/directory/9/US/CT/; http://www.beeradvocate.com/place/directory/9/US/; http://piesandpints.biz,http://www.beeradvocate.com/beer/profile/34594/,4,3.71,7,"[ Brewery, Bar, Eatery ]",2.02,25; 06702; 2111; 203; 573; 1743,Pies & Pints Restaurant & Brewery,/beer/profile/34594/,25; 6702; 2111; 203; 573; 1743,Waterbury; Connecticut; United States; official website,/place/list/?city=Waterbury&c_id=US&s_id=CT; /place/directory/9/US/CT/; /place/directory/9/US/; ,7,http://www.beeradvocate.com/place/list/?start=20&c_id=US&s_id=CT&brewery=Y&sort=name
"765 Sullivan Ave South Windsor, Connecticut, 06074 United States phone: (860) 707-2792 official website",http://cdn.beeradvocate.com/im/i_website.gif,http://www.beeradvocate.com/place/list/?city=South+Windsor&c_id=US&s_id=CT; http://www.beeradvocate.com/place/directory/9/US/CT/; http://www.beeradvocate.com/place/directory/9/US/; http://www.pioneerbrewingcompany.com/,http://www.beeradvocate.com/beer/profile/85/,12,3.71,11,[ Brewery ],-,765; 06074; 860; 707; 2792,Pioneer Beer Company,/beer/profile/85/,765; 6074; 860; 707; 2792,South Windsor; Connecticut; United States; official website,/place/list/?city=South+Windsor&c_id=US&s_id=CT; /place/directory/9/US/CT/; /place/directory/9/US/; ,11,http://www.beeradvocate.com/place/list/?start=20&c_id=US&s_id=CT&brewery=Y&sort=name
"504 Hazard Ave Enfield, Connecticut, 06082-4733 United States phone: (860) 205-0942 official website",http://cdn.beeradvocate.com/im/i_website.gif,http://www.beeradvocate.com/place/list/?city=Enfield&c_id=US&s_id=CT; http://www.beeradvocate.com/place/directory/9/US/CT/; http://www.beeradvocate.com/place/directory/9/US/; https://www.facebook.com/powderhollowbrewery,http://www.beeradvocate.com/beer/profile/37374/,13,3.2,17,"[ Brewery, Bar ]",3.77,504; 06082; 4733; 860; 205; 0942,Powder Hollow Brewery,/beer/profile/37374/,504; 6082; 4733; 860; 205; 942,Enfield; Connecticut; United States; official website,/place/list/?city=Enfield&c_id=US&s_id=CT; /place/directory/9/US/CT/; /place/directory/9/US/; ,17,http://www.beeradvocate.com/place/list/?start=20&c_id=US&s_id=CT&brewery=Y&sort=name
"1720 Post Rd E Westport, Connecticut, 06880-5643 United States phone: (203) 255-6100 official website",http://cdn.beeradvocate.com/im/i_website.gif,http://www.beeradvocate.com/place/list/?city=Westport&c_id=US&s_id=CT; http://www.beeradvocate.com/place/directory/9/US/CT/; http://www.beeradvocate.com/place/directory/9/US/; http://www.pongbeerusa.com/,http://www.beeradvocate.com/beer/profile/27793/,-,2.33,1,[ Brewery ],-,1720; 06880; 5643; 203; 255; 6100,Private Stock Spirits,/beer/profile/27793/,1720; 6880; 5643; 203; 255; 6100,Westport; Connecticut; United States; official website,/place/list/?city=Westport&c_id=US&s_id=CT; /place/directory/9/US/CT/; /place/directory/9/US/; ,1,http://www.beeradvocate.com/place/list/?start=20&c_id=US&s_id=CT&brewery=Y&sort=name
"95 Whiting St Ste B Plainville, Connecticut, 06062-2842 United States phone: (860) 255-4252 official website",http://cdn.beeradvocate.com/im/i_website.gif,http://www.beeradvocate.com/place/list/?city=Plainville&c_id=US&s_id=CT; http://www.beeradvocate.com/place/directory/9/US/CT/; http://www.beeradvocate.com/place/directory/9/US/; http://www.relicbeer.com,http://www.beeradvocate.com/beer/profile/28510/,44,3.77,64,"[ Brewery, Bar ]",4.15,95; 06062; 2842; 860; 255; 4252,Relic Brewing Co,/beer/profile/28510/,95; 6062; 2842; 860; 255; 4252,Plainville; Connecticut; United States; official website,/place/list/?city=Plainville&c_id=US&s_id=CT; /place/directory/9/US/CT/; /place/directory/9/US/; ,64,http://www.beeradvocate.com/place/list/?start=20&c_id=US&s_id=CT&brewery=Y&sort=name
"100 Mechanic St Ste 22 Pawcatuck, Connecticut, 06379-2163 United States phone: (860) 599-8213 official website",http://cdn.beeradvocate.com/im/i_website.gif,http://www.beeradvocate.com/place/list/?city=Pawcatuck&c_id=US&s_id=CT; http://www.beeradvocate.com/place/directory/9/US/CT/; http://www.beeradvocate.com/place/directory/9/US/; http://www.safeharborbeer.com/,http://www.beeradvocate.com/beer/profile/27196/,-,3.56,2,[ Brewery ],-,100; 22; 06379; 2163; 860; 599; 8213,Safe Harbor Brewing Co,/beer/profile/27196/,100; 22; 6379; 2163; 860; 599; 8213,Pawcatuck; Connecticut; United States; official website,/place/list/?city=Pawcatuck&c_id=US&s_id=CT; /place/directory/9/US/CT/; /place/directory/9/US/; ,2,http://www.beeradvocate.com/place/list/?start=20&c_id=US&s_id=CT&brewery=Y&sort=name
"33 New Haven Ave Milford, Connecticut, 06460-3308 United States phone: (203) 874-2337 official website",http://cdn.beeradvocate.com/im/i_website.gif,http://www.beeradvocate.com/place/list/?city=Milford&c_id=US&s_id=CT; http://www.beeradvocate.com/place/directory/9/US/CT/; http://www.beeradvocate.com/place/directory/9/US/; http://www.southportbrewing.com,http://www.beeradvocate.com/beer/profile/11426/,19,3.34,11,"[ Brewery, Bar, Eatery ]",3.3,33; 06460; 3308; 203; 874; 2337,SBC Restaurant & Brewery - Milford,/beer/profile/11426/,33; 6460; 3308; 203; 874; 2337,Milford; Connecticut; United States; official website,/place/list/?city=Milford&c_id=US&s_id=CT; /place/directory/9/US/CT/; /place/directory/9/US/; ,11,http://www.beeradvocate.com/place/list/?start=20&c_id=US&s_id=CT&brewery=Y&sort=name
"2600 Post Rd Southport, Connecticut, 06890-1258 United States phone: (203) 256-2337 official website",http://cdn.beeradvocate.com/im/i_website.gif,http://www.beeradvocate.com/place/list/?city=Southport&c_id=US&s_id=CT; http://www.beeradvocate.com/place/directory/9/US/CT/; http://www.beeradvocate.com/place/directory/9/US/; http://www.southportbrewing.com,http://www.beeradvocate.com/beer/profile/557/,21,3.32,24,"[ Brewery, Bar, Eatery ]",3.37,2600; 06890; 1258; 203; 256; 2337,SBC Restaurant & Brewery - Southport,/beer/profile/557/,2600; 6890; 1258; 203; 256; 2337,Southport; Connecticut; United States; official website,/place/list/?city=Southport&c_id=US&s_id=CT; /place/directory/9/US/CT/; /place/directory/9/US/; ,24,http://www.beeradvocate.com/place/list/?start=20&c_id=US&s_id=CT&brewery=Y&sort=name
"1 Wolcott Rd Wolcott, Connecticut, 06716-2611 United States phone: (203) 514-2336 official website",http://cdn.beeradvocate.com/im/i_website.gif,http://www.beeradvocate.com/place/list/?city=Wolcott&c_id=US&s_id=CT; http://www.beeradvocate.com/place/directory/9/US/CT/; http://www.beeradvocate.com/place/directory/9/US/; http://www.shebeenbrewing.com,http://www.beeradvocate.com/beer/profile/31492/,23,3.42,24,"[ Brewery, Bar ]",3.91,1; 06716; 2611; 203; 514; 2336,Shebeen Brewing Company,/beer/profile/31492/,1; 6716; 2611; 203; 514; 2336,Wolcott; Connecticut; United States; official website,/place/list/?city=Wolcott&c_id=US&s_id=CT; /place/directory/9/US/CT/; /place/directory/9/US/; ,24,http://www.beeradvocate.com/place/list/?start=20&c_id=US&s_id=CT&brewery=Y&sort=name
"95 Bridge Rd Haddam, Connecticut, 06438-1354 United States official website",http://cdn.beeradvocate.com/im/i_website.gif,http://www.beeradvocate.com/place/list/?city=Haddam&c_id=US&s_id=CT; http://www.beeradvocate.com/place/directory/9/US/CT/; http://www.beeradvocate.com/place/directory/9/US/; http://steadyhabitbrewing.com/main/,http://www.beeradvocate.com/beer/profile/37514/,-,4.39,24,[ Brewery ],-,95; 06438; 1354,Steady Habit Brewing Company,/beer/profile/37514/,95; 6438; 1354,Haddam; Connecticut; United States; official website,/place/list/?city=Haddam&c_id=US&s_id=CT; /place/directory/9/US/CT/; /place/directory/9/US/; ,24,http://www.beeradvocate.com/place/list/?start=20&c_id=US&s_id=CT&brewery=Y&sort=name
"1275 Cromwell Ave Rocky Hill, Connecticut, 06067-3427 United States official website",http://cdn.beeradvocate.com/im/i_website.gif,http://www.beeradvocate.com/place/list/?city=Rocky+Hill&c_id=US&s_id=CT; http://www.beeradvocate.com/place/directory/9/US/CT/; http://www.beeradvocate.com/place/directory/9/US/; http://stillhillbrewery.com/,http://www.beeradvocate.com/beer/profile/40982/,-,-,2,[ Brewery ],-,1275; 06067; 3427,Still Hill Brewery,/beer/profile/40982/,1275; 6067; 3427,Rocky Hill; Connecticut; United States; official website,/place/list/?city=Rocky+Hill&c_id=US&s_id=CT; /place/directory/9/US/CT/; /place/directory/9/US/; ,2,http://www.beeradvocate.com/place/list/?start=20&c_id=US&s_id=CT&brewery=Y&sort=name
"5 Indian Neck Ave Branford, Connecticut, 06405-4615 United States phone: (203) 433-4545 official website",http://cdn.beeradvocate.com/im/i_website.gif,http://www.beeradvocate.com/place/list/?city=Branford&c_id=US&s_id=CT; http://www.beeradvocate.com/place/directory/9/US/CT/; http://www.beeradvocate.com/place/directory/9/US/; http://stonycreekbeer.com/,http://www.beeradvocate.com/beer/profile/30062/,13,3.58,23,"[ Brewery, Bar ]",3.58,5; 06405; 4615; 203; 433; 4545,Stony Creek Brewery,/beer/profile/30062/,5; 6405; 4615; 203; 433; 4545,Branford; Connecticut; United States; official website,/place/list/?city=Branford&c_id=US&s_id=CT; /place/directory/9/US/CT/; /place/directory/9/US/; ,23,http://www.beeradvocate.com/place/list/?start=20&c_id=US&s_id=CT&brewery=Y&sort=name
"180 Johnson St Middletown, Connecticut, 06457-2247 United States official website",http://cdn.beeradvocate.com/im/i_website.gif,http://www.beeradvocate.com/place/list/?city=Middletown&c_id=US&s_id=CT; http://www.beeradvocate.com/place/directory/9/US/CT/; http://www.beeradvocate.com/place/directory/9/US/; http://www.stubbornbeauty.com/,http://www.beeradvocate.com/beer/profile/34141/,5,3.96,27,"[ Brewery, Bar ]",4.08,180; 06457; 2247,Stubborn Beauty Brewing Company,/beer/profile/34141/,180; 6457; 2247,Middletown; Connecticut; United States; official website,/place/list/?city=Middletown&c_id=US&s_id=CT; /place/directory/9/US/CT/; /place/directory/9/US/; ,27,http://www.beeradvocate.com/place/list/?start=20&c_id=US&s_id=CT&brewery=Y&sort=name
"22 Bayview Ave Unit 15 Stonington, Connecticut, 06378-1142 United States phone: (860) 857-1014 official website",http://cdn.beeradvocate.com/im/i_website.gif,http://www.beeradvocate.com/place/list/?city=Stonington&c_id=US&s_id=CT; http://www.beeradvocate.com/place/directory/9/US/CT/; http://www.beeradvocate.com/place/directory/9/US/; http://beerdbrewing.com/,http://www.beeradvocate.com/beer/profile/30321/,54,4.05,53,"[ Brewery, Bar ]",4.41,22; 15; 06378; 1142; 860; 857; 1014,The Beer'd Brewing Co.,/beer/profile/30321/,22; 15; 6378; 1142; 860; 857; 1014,Stonington; Connecticut; United States; official website,/place/list/?city=Stonington&c_id=US&s_id=CT; /place/directory/9/US/CT/; /place/directory/9/US/; ,53,http://www.beeradvocate.com/place/list/?start=20&c_id=US&s_id=CT&brewery=Y&sort=name
"1 Mohegan Sun Blvd Uncasville, Connecticut, 06382-1355 United States phone: (888) 226-7711 official website",http://cdn.beeradvocate.com/im/i_website.gif,http://www.beeradvocate.com/place/list/?city=Uncasville&c_id=US&s_id=CT; http://www.beeradvocate.com/place/directory/9/US/CT/; http://www.beeradvocate.com/place/directory/9/US/; http://www.mohegansun.com/entertainment/nightlife.html,http://www.beeradvocate.com/beer/profile/687/,19,-,0,"[ Brewery, Bar, Eatery ]",2.31,1; 06382; 1355; 888; 226; 7711,The Brew Pub at Mohegan Sun,/beer/profile/687/,1; 6382; 1355; 888; 226; 7711,Uncasville; Connecticut; United States; official website,/place/list/?city=Uncasville&c_id=US&s_id=CT; /place/directory/9/US/CT/; /place/directory/9/US/; ,0,http://www.beeradvocate.com/place/list/?start=20&c_id=US&s_id=CT&brewery=Y&sort=name
"254 Crown St New Haven, Connecticut, 06511-6610 United States phone: (203) 495-8924 official website",http://cdn.beeradvocate.com/im/i_website.gif,http://www.beeradvocate.com/place/list/?city=New+Haven&c_id=US&s_id=CT; http://www.beeradvocate.com/place/directory/9/US/CT/; http://www.beeradvocate.com/place/directory/9/US/; http://www.barnightclub.com,http://www.beeradvocate.com/beer/profile/643/,73,3.8,10,"[ Brewery, Bar, Eatery ]",3.67,254; 06511; 6610; 203; 495; 8924,The Brü Rm. at BAR,/beer/profile/643/,254; 6511; 6610; 203; 495; 8924,New Haven; Connecticut; United States; official website,/place/list/?city=New+Haven&c_id=US&s_id=CT; /place/directory/9/US/CT/; /place/directory/9/US/; ,10,http://www.beeradvocate.com/place/list/?start=20&c_id=US&s_id=CT&brewery=Y&sort=name
"357 Salmon Brook St Granby, Connecticut, 06035-1804 United States phone: (860) 653-2739 official website",http://cdn.beeradvocate.com/im/i_website.gif,http://www.beeradvocate.com/place/list/?city=Granby&c_id=US&s_id=CT; http://www.beeradvocate.com/place/directory/9/US/CT/; http://www.beeradvocate.com/place/directory/9/US/; http://www.cbhgranby.com,http://www.beeradvocate.com/beer/profile/6578/,61,3.82,45,"[ Brewery, Bar, Eatery ]",4.01,357; 06035; 1804; 860; 653; 2739,The Cambridge House Brewpub,/beer/profile/6578/,357; 6035; 1804; 860; 653; 2739,Granby; Connecticut; United States; official website,/place/list/?city=Granby&c_id=US&s_id=CT; /place/directory/9/US/CT/; /place/directory/9/US/; ,45,http://www.beeradvocate.com/place/list/?start=40&c_id=US&s_id=CT&brewery=Y&sort=name
"45 Main St Putnam, Connecticut, 06260-1917 United States phone: (860) 928-3663 official website",http://cdn.beeradvocate.com/im/i_website.gif,http://www.beeradvocate.com/place/list/?city=Putnam&c_id=US&s_id=CT; http://www.beeradvocate.com/place/directory/9/US/CT/; http://www.beeradvocate.com/place/directory/9/US/; http://www.thecrossingsrestaurantandbrewpub.com/,http://www.beeradvocate.com/beer/profile/33644/,3,-,1,"[ Brewery, Bar, Eatery ]",3.1,45; 06260; 1917; 860; 928; 3663,The Crossings Restaurant & Brew Pub,/beer/profile/33644/,45; 6260; 1917; 860; 928; 3663,Putnam; Connecticut; United States; official website,/place/list/?city=Putnam&c_id=US&s_id=CT; /place/directory/9/US/CT/; /place/directory/9/US/; ,1,http://www.beeradvocate.com/place/list/?start=40&c_id=US&s_id=CT&brewery=Y&sort=name
"36 Main St Essex, Connecticut, 06426-1132 United States phone: (860) 767-1776 official website",http://cdn.beeradvocate.com/im/i_website.gif,http://www.beeradvocate.com/place/list/?city=Essex&c_id=US&s_id=CT; http://www.beeradvocate.com/place/directory/9/US/CT/; http://www.beeradvocate.com/place/directory/9/US/; http://www.griswoldinn.com,http://www.beeradvocate.com/beer/profile/25386/,7,-,1,"[ Brewery, Bar, Eatery ]",3.46,36; 06426; 1132; 860; 767; 1776,The Griswold Inn,/beer/profile/25386/,36; 6426; 1132; 860; 767; 1776,Essex; Connecticut; United States; official website,/place/list/?city=Essex&c_id=US&s_id=CT; /place/directory/9/US/CT/; /place/directory/9/US/; ,1,http://www.beeradvocate.com/place/list/?start=40&c_id=US&s_id=CT&brewery=Y&sort=name
"57 Lake Shore Blvd Stafford Springs, Connecticut, 06076-3433 United States phone: (860) 684-5481 official website",http://cdn.beeradvocate.com/im/i_website.gif,http://www.beeradvocate.com/place/list/?city=Stafford+Springs&c_id=US&s_id=CT; http://www.beeradvocate.com/place/directory/9/US/CT/; http://www.beeradvocate.com/place/directory/9/US/; http://www.hartfordbetterbeer.com,http://www.beeradvocate.com/beer/profile/20058/,-,3.3,5,[ Brewery ],-,57; 06076; 3433; 860; 684; 5481,The Hartford Better Beer Co.,/beer/profile/20058/,57; 6076; 3433; 860; 684; 5481,Stafford Springs; Connecticut; United States; official website,/place/list/?city=Stafford+Springs&c_id=US&s_id=CT; /place/directory/9/US/CT/; /place/directory/9/US/; ,5,http://www.beeradvocate.com/place/list/?start=40&c_id=US&s_id=CT&brewery=Y&sort=name
"780 Tolland St East Hartford, Connecticut, 06108-2727 United States phone: (860) 528-2200 official website",http://cdn.beeradvocate.com/im/i_website.gif,http://www.beeradvocate.com/place/list/?city=East+Hartford&c_id=US&s_id=CT; http://www.beeradvocate.com/place/directory/9/US/CT/; http://www.beeradvocate.com/place/directory/9/US/; http://www.oldeburnsidebrewing.com,http://www.beeradvocate.com/beer/profile/823/,-,3.78,13,[ Brewery ],-,780; 06108; 2727; 860; 528; 2200,The Olde Burnside Brewing Company,/beer/profile/823/,780; 6108; 2727; 860; 528; 2200,East Hartford; Connecticut; United States; official website,/place/list/?city=East+Hartford&c_id=US&s_id=CT; /place/directory/9/US/CT/; /place/directory/9/US/; ,13,http://www.beeradvocate.com/place/list/?start=40&c_id=US&s_id=CT&brewery=Y&sort=name
"Bloomfield, Connecticut, 06002-7064, United States phone: (203) 530-8346 official website",http://cdn.beeradvocate.com/im/i_website.gif,http://www.beeradvocate.com/place/list/?city=Bloomfield&c_id=US&s_id=CT; http://www.beeradvocate.com/place/directory/9/US/CT/; http://www.beeradvocate.com/place/directory/9/US/; http://www.trylegalweed.com/,http://www.beeradvocate.com/beer/profile/33591/,-,4.19,1,[ Brewery ],-,06002; 7064; 203; 530; 8346,The Weed Company,/beer/profile/33591/,6002; 7064; 203; 530; 8346,Bloomfield; Connecticut; United States; official website,/place/list/?city=Bloomfield&c_id=US&s_id=CT; /place/directory/9/US/CT/; /place/directory/9/US/; ,1,http://www.beeradvocate.com/place/list/?start=40&c_id=US&s_id=CT&brewery=Y&sort=name
"78 Franklin St Norwich, Connecticut, 06360-5806 United States phone: (860) 949-8257 official website",http://cdn.beeradvocate.com/im/i_website.gif,http://www.beeradvocate.com/place/list/?city=Norwich&c_id=US&s_id=CT; http://www.beeradvocate.com/place/directory/9/US/CT/; http://www.beeradvocate.com/place/directory/9/US/; https://www.facebook.com/theseguysbrewing,http://www.beeradvocate.com/beer/profile/42281/,1,-,0,"[ Brewery, Bar, Eatery ]",4.95,78; 06360; 5806; 860; 949; 8257,These Guys Brewing Company,/beer/profile/42281/,78; 6360; 5806; 860; 949; 8257,Norwich; Connecticut; United States; official website,/place/list/?city=Norwich&c_id=US&s_id=CT; /place/directory/9/US/CT/; /place/directory/9/US/; ,0,http://www.beeradvocate.com/place/list/?start=40&c_id=US&s_id=CT&brewery=Y&sort=name
"16 Business Park Dr Branford, Connecticut, 06405-2924 United States phone: (203) 208-2827 official website",http://cdn.beeradvocate.com/im/i_website.gif,http://www.beeradvocate.com/place/list/?city=Branford&c_id=US&s_id=CT; http://www.beeradvocate.com/place/directory/9/US/CT/; http://www.beeradvocate.com/place/directory/9/US/; http://www.thimbleislandbrewery.com/,http://www.beeradvocate.com/beer/profile/30922/,46,3.91,16,"[ Brewery, Bar ]",4.14,16; 06405; 2924; 203; 208; 2827,Thimble Island Brewing Company,/beer/profile/30922/,16; 6405; 2924; 203; 208; 2827,Branford; Connecticut; United States; official website,/place/list/?city=Branford&c_id=US&s_id=CT; /place/directory/9/US/CT/; /place/directory/9/US/; ,16,http://www.beeradvocate.com/place/list/?start=40&c_id=US&s_id=CT&brewery=Y&sort=name
"16 Tobey Rd Bloomfield, Connecticut, 06002-3522 United States phone: (860) 242-3111 official website",http://cdn.beeradvocate.com/im/i_website.gif,http://www.beeradvocate.com/place/list/?city=Bloomfield&c_id=US&s_id=CT; http://www.beeradvocate.com/place/directory/9/US/CT/; http://www.beeradvocate.com/place/directory/9/US/; http://www.hookerbeer.com,http://www.beeradvocate.com/beer/profile/696/,32,3.83,23,"[ Brewery, Bar ]",3.93,16; 06002; 3522; 860; 242; 3111,Thomas Hooker Brewing Company,/beer/profile/696/,16; 6002; 3522; 860; 242; 3111,Bloomfield; Connecticut; United States; official website,/place/list/?city=Bloomfield&c_id=US&s_id=CT; /place/directory/9/US/CT/; /place/directory/9/US/; ,23,http://www.beeradvocate.com/place/list/?start=40&c_id=US&s_id=CT&brewery=Y&sort=name
"640 Hilliard St Ste 3104 Manchester, Connecticut, 06042-2770 United States phone: (860) 680-4105 official website",http://cdn.beeradvocate.com/im/i_website.gif,http://www.beeradvocate.com/place/list/?city=Manchester&c_id=US&s_id=CT; http://www.beeradvocate.com/place/directory/9/US/CT/; http://www.beeradvocate.com/place/directory/9/US/; http://topshelfbrewery.com/index.html,http://www.beeradvocate.com/beer/profile/32586/,11,3.66,28,"[ Brewery, Bar ]",3.68,640; 3104; 06042; 2770; 860; 680; 4105,Top Shelf Brewing Company,/beer/profile/32586/,640; 3104; 6042; 2770; 860; 680; 4105,Manchester; Connecticut; United States; official website,/place/list/?city=Manchester&c_id=US&s_id=CT; /place/directory/9/US/CT/; /place/directory/9/US/; ,28,http://www.beeradvocate.com/place/list/?start=40&c_id=US&s_id=CT&brewery=Y&sort=name
"1700 Stratford Ave Stratford, Connecticut, 06615-6419 United States phone: (203) 375-3361 official website",http://cdn.beeradvocate.com/im/i_website.gif,http://www.beeradvocate.com/place/list/?city=Stratford&c_id=US&s_id=CT; http://www.beeradvocate.com/place/directory/9/US/CT/; http://www.beeradvocate.com/place/directory/9/US/; http://www.tworoadsbrewing.com/,http://www.beeradvocate.com/beer/profile/30437/,116,3.82,41,"[ Brewery, Bar ]",3.95,1700; 06615; 6419; 203; 375; 3361,Two Roads Brewing Company,/beer/profile/30437/,1700; 6615; 6419; 203; 375; 3361,Stratford; Connecticut; United States; official website,/place/list/?city=Stratford&c_id=US&s_id=CT; /place/directory/9/US/CT/; /place/directory/9/US/; ,41,http://www.beeradvocate.com/place/list/?start=40&c_id=US&s_id=CT&brewery=Y&sort=name
"246 Main St Monroe, Connecticut, 06468-1171 United States official website",http://cdn.beeradvocate.com/im/i_website.gif,http://www.beeradvocate.com/place/list/?city=Monroe&c_id=US&s_id=CT; http://www.beeradvocate.com/place/directory/9/US/CT/; http://www.beeradvocate.com/place/directory/9/US/; http://www.veraciousbrewing.com,http://www.beeradvocate.com/beer/profile/37942/,11,3.91,14,"[ Brewery, Bar ]",4.52,246; 06468; 1171,Veracious Brewing Company,/beer/profile/37942/,246; 6468; 1171,Monroe; Connecticut; United States; official website,/place/list/?city=Monroe&c_id=US&s_id=CT; /place/directory/9/US/CT/; /place/directory/9/US/; ,14,http://www.beeradvocate.com/place/list/?start=40&c_id=US&s_id=CT&brewery=Y&sort=name
"967 Main St Willimantic, Connecticut, 06226-2330 United States phone: (860) 423-6777 official website",http://cdn.beeradvocate.com/im/i_website.gif,http://www.beeradvocate.com/place/list/?city=Willimantic&c_id=US&s_id=CT; http://www.beeradvocate.com/place/directory/9/US/CT/; http://www.beeradvocate.com/place/directory/9/US/; http://www.willibrew.com,http://www.beeradvocate.com/beer/profile/477/,147,3.91,80,"[ Brewery, Bar, Eatery ]",4.3,967; 06226; 2330; 860; 423; 6777,Willimantic Brewing Co.,/beer/profile/477/,967; 6226; 2330; 860; 423; 6777,Willimantic; Connecticut; United States; official website,/place/list/?city=Willimantic&c_id=US&s_id=CT; /place/directory/9/US/CT/; /place/directory/9/US/; ,80,http://www.beeradvocate.com/place/list/?start=40&c_id=US&s_id=CT&brewery=Y&sort=name
